,0,1
0,said,8732
1,video,3564
2,one,2969
3,report,2880
4,state,2592
5,would,2517
6,say,2516
7,u,2503
8,man,2436
9,people,2428
10,also,2388
11,told,2381
12,new,2298
13,isi,2261
14,time,2253
15,news,2238
16,story,2168
17,group,2067
18,could,1811
19,official,1780
20,year,1780
21,islamic,1700
22,apple,1656
23,first,1640
24,like,1626
25,according,1611
26,government,1552
27,reported,1525
28,day,1520
29,police,1484
30,last,1457
31,claim,1456
32,spider,1439
33,two,1423
34,medium,1413
35,syria,1345
36,woman,1314
37,american,1305
38,thomas,1294
39,militant,1290
40,iraq,1271
41,foley,1247
42,shot,1235
43,week,1223
44,even,1218
45,air,1176
46,made,1167
47,name,1164
48,may,1152
49,source,1109
50,girl,1095
51,watch,1065
52,journalist,1062
53,city,1062
54,get,1055
55,leader,1034
56,since,1024
57,see,1007
58,killed,1003
59,attack,1000
60,world,992
61,boko,988
62,back,977
63,north,972
64,show,956
65,part,955
66,found,953
67,security,948
68,come,943
69,haram,939
70,month,937
71,another,930
72,post,930
73,brown,925
74,border,916
75,statement,908
76,2014,901
77,family,887
78,make,871
79,force,867
80,job,864
81,meteorite,860
82,friend,858
83,including,856
84,life,851
85,site,850
86,many,848
87,near,848
88,know,837
89,million,836
90,three,836
91,mr,831
92,around,825
93,photo,823
94,fighter,817
95,officer,810
96,right,804
97,kim,802
98,country,800
99,however,794
100,service,790
101,skin,790
102,well,780
103,obama,780
104,still,776
105,thing,774
106,something,773
107,case,767
108,released,765
109,go,756
110,going,755
111,heard,755
112,iraqi,752
113,went,751
114,death,750
115,way,747
116,later,747
117,confirmed,738
118,military,736
119,release,735
120,god,734
121,war,733
122,john,726
123,missing,721
124,least,720
125,ebola,716
126,never,715
127,michael,713
128,student,711
129,shooting,711
130,comment,708
131,twitter,705
132,monday,705
133,dead,698
134,lin,696
135,think,691
136,night,690
137,taken,687
138,known,686
139,thought,684
140,left,683
141,seen,678
142,terrorist,675
143,york,674
144,reportedly,673
145,local,667
146,james,665
147,british,655
148,public,651
149,town,648
150,saying,647
151,bale,646
152,area,645
153,dont,642
154,tuesday,638
155,hospital,638
156,believed,633
157,cnn,632
158,house,631
159,article,630
160,took,628
161,several,625
162,president,625
163,real,625
164,school,624
165,used,624
166,child,623
167,claimed,621
168,member,620
169,home,618
170,work,617
171,company,615
172,called,614
173,office,612
174,next,611
175,take,610
176,earlier,599
177,youtube,597
178,fact,595
179,crater,593
180,facebook,592
181,website,589
182,posted,587
183,nigeria,586
184,social,586
185,press,585
186,hoax,584
187,number,582
188,didnt,577
189,information,576
190,look,575
191,expert,567
192,captured,567
193,son,566
194,rumor,564
195,audio,564
196,national,563
197,steve,562
198,thats,559
199,second,557
200,help,556
201,wednesday,556
202,kidnapped,555
203,much,553
204,call,550
205,want,548
206,body,548
207,father,548
208,though,547
209,international,546
210,head,546
211,today,545
212,died,543
213,homeless,541
214,daily,541
215,asteroid,539
216,image,536
217,soldier,536
218,inside,526
219,airport,525
220,intelligence,524
221,parliament,520
222,health,519
223,set,517
224,hand,517
225,london,516
226,capital,516
227,online,515
228,put,513
229,across,512
230,yet,512
231,syrian,510
232,former,508
233,good,507
234,recording,501
235,appears,500
236,wife,500
237,ago,499
238,really,495
239,added,493
240,control,492
241,away,492
242,building,492
243,earth,491
244,live,489
245,event,486
246,user,486
247,held,486
248,big,486
249,strike,486
250,kurdish,485
251,small,484
252,message,482
253,came,482
254,authority,480
255,spokesman,480
256,account,479
257,true,478
258,macbook,478
259,islam,477
260,animal,476
261,pope,476
262,whether,474
263,violence,472
264,christian,471
265,person,470
266,car,468
267,recent,467
268,asked,466
269,find,465
270,ceasefire,463
271,six,460
272,wrote,459
273,mosul,458
274,money,455
275,use,455
276,reporter,455
277,priest,455
278,impact,454
279,2012,452
280,doctor,452
281,happened,451
282,street,450
283,long,449
284,likely,449
285,got,448
286,place,447
287,incident,446
288,he,445
289,hostage,442
290,need,442
291,fake,441
292,page,441
293,front,441
294,talk,439
295,nigerian,438
296,actually,437
297,cant,437
298,might,437
299,sunday,434
300,play,433
301,brother,432
302,wilson,430
303,theyre,428
304,2015,427
305,hit,427
306,friday,425
307,appeared,425
308,doesnt,422
309,film,422
310,trying,421
311,hour,421
312,lot,420
313,actor,420
314,point,416
315,emwazi,416
316,im,415
317,david,414
318,enough,414
319,outside,414
320,past,414
321,parent,413
322,united,413
323,august,411
324,10,411
325,following,411
326,using,410
327,department,409
328,weapon,409
329,saturday,407
330,boy,405
331,high,405
332,ministry,404
333,early,403
334,four,402
335,managua,402
336,gave,400
337,korean,400
338,announced,399
339,dog,399
340,able,398
341,men,398
342,already,397
343,via,395
344,apparently,394
345,decided,394
346,far,394
347,close,393
348,believe,391
349,banksy,390
350,caught,389
351,working,389
352,alleged,389
353,thursday,387
354,there,387
355,korea,384
356,west,383
357,making,383
358,francis,382
359,south,381
360,internet,381
361,picture,380
362,face,377
363,minute,375
364,comcast,375
365,customer,375
366,catholic,374
367,clear,373
368,began,372
369,fired,371
370,named,368
371,airstrikes,367
372,nicaraguan,367
373,100,366
374,marijuana,365
375,among,363
376,nicaragua,363
377,agency,362
378,star,362
379,late,360
380,issue,360
381,morning,360
382,lebanese,360
383,newspaper,359
384,viral,358
385,ground,358
386,saw,358
387,washington,358
388,nasa,358
389,thousand,356
390,role,356
391,western,356
392,terror,356
393,allegedly,355
394,mother,355
395,dr,355
396,identified,355
397,food,354
398,store,354
399,beheading,354
400,figure,354
401,recently,353
402,possible,353
403,abu,353
404,mohammed,351
405,white,350
406,2013,347
407,paul,347
408,reporting,346
409,operation,346
410,give,346
411,despite,345
412,le,345
413,given,344
414,young,342
415,medical,342
416,word,341
417,whose,340
418,victim,340
419,heart,339
420,end,338
421,suspect,338
422,extremist,336
423,problem,336
424,september,336
425,11,336
426,witness,336
427,trip,335
428,dylan,335
429,director,335
430,law,334
431,muslim,333
432,coming,333
433,stop,333
434,human,333
435,oneal,333
436,domestic,333
437,confirm,332
438,become,331
439,libya,330
440,others,330
441,nothing,330
442,al,330
443,chief,329
444,organization,328
445,albaghdadi,328
446,tv,328
447,fear,327
448,instead,327
449,october,326
450,tell,326
451,someone,325
452,evidence,324
453,old,324
454,along,323
455,mark,323
456,deal,323
457,read,323
458,saudi,322
459,rosenberg,322
460,jihadi,321
461,canadian,321
462,texas,320
463,america,319
464,network,319
465,university,319
466,taking,318
467,12,318
468,bali,318
469,anyone,318
470,resident,317
471,age,317
472,outlet,316
473,due,315
474,holding,315
475,best,315
476,reason,314
477,mean,313
478,detained,312
479,arrested,312
480,gunman,312
481,started,311
482,seems,311
483,almost,310
484,interview,310
485,schoolgirl,309
486,isnt,309
487,full,309
488,de,308
489,without,307
490,probably,306
491,led,306
492,movie,306
493,false,305
494,prime,305
495,open,305
496,dozen,304
497,order,304
498,update,304
499,large,304
500,penis,302
501,record,301
502,doubt,301
503,ottawa,300
504,associated,299
505,arrest,298
506,paler,296
507,mike,296
508,sure,295
509,investigation,295
510,minister,294
511,side,294
512,hunter,293
513,based,293
514,2011,293
515,living,291
516,camera,291
517,little,291
518,female,290
519,ever,288
520,immediately,288
521,hundred,287
522,different,287
523,gang,287
524,general,287
525,explosion,287
526,soon,286
527,detail,286
528,sister,286
529,fighting,285
530,behind,285
531,foleys,285
532,wanted,284
533,station,284
534,scar,284
535,8,283
536,army,283
537,phone,283
538,capture,283
539,showing,282
540,free,281
541,power,281
542,northern,280
543,heaven,280
544,although,279
545,november,279
546,piece,279
547,kind,277
548,january,275
549,lebanon,275
550,question,274
551,sorkin,274
552,revealed,273
553,killing,273
554,launch,272
555,middle,272
556,spoke,272
557,english,272
558,object,272
559,mite,271
560,keep,271
561,worker,271
562,stolen,271
563,major,271
564,shekau,270
565,every,270
566,threat,270
567,6,270
568,start,269
569,pause,269
570,nation,268
571,conference,268
572,cause,268
573,2,268
574,plan,267
575,senior,266
576,seidel,266
577,uk,265
578,wright,265
579,hope,264
580,aid,264
581,met,264
582,scene,264
583,scientist,263
584,caused,263
585,cut,263
586,josh,262
587,sound,262
588,five,262
589,received,261
590,follow,261
591,space,261
592,turn,260
593,black,260
594,fire,259
595,ferguson,259
596,nearly,258
597,spread,258
598,citizen,258
599,tape,257
600,bakr,257
601,22,257
602,foreign,256
603,burrowed,256
604,weekend,256
605,policy,256
606,prisoner,255
607,wasnt,255
608,return,255
609,iphone,255
610,magazine,254
611,20,254
612,smith,254
613,espn,254
614,attorney,254
615,run,253
616,haines,253
617,love,253
618,isil,252
619,let,252
620,support,251
621,jihadist,251
622,sotloff,251
623,holiday,251
624,culkin,251
625,moment,250
626,continued,249
627,followed,249
628,islamist,249
629,decision,248
630,hear,248
631,ive,248
632,view,248
633,turned,248
634,restaurant,247
635,change,247
636,sex,247
637,expected,246
638,party,246
639,act,245
640,clip,245
641,move,245
642,room,244
643,book,244
644,daughter,244
645,blumenthal,244
646,anything,243
647,channel,243
648,bit,243
649,foot,243
650,situation,242
651,campaign,241
652,mexico,241
653,offer,240
654,experience,240
655,mass,240
656,fbi,240
657,model,240
658,virus,239
659,gold,239
660,april,238
661,stomach,238
662,baby,238
663,feature,238
664,business,238
665,meeting,237
666,claiming,237
667,leave,237
668,birth,236
669,currently,236
670,guard,236
671,wood,235
672,published,235
673,center,235
674,authenticity,234
675,tropical,234
676,creature,234
677,agent,233
678,within,233
679,centre,233
680,spent,233
681,discussion,233
682,shared,232
683,murder,232
684,captive,232
685,boston,232
686,showed,231
687,previously,230
688,identity,229
689,discovered,229
690,reached,228
691,study,228
692,kobani,227
693,hill,227
694,bank,227
695,johnson,227
696,contact,226
697,masked,226
698,condition,226
699,panel,226
700,perhaps,226
701,staff,225
702,web,225
703,described,225
704,action,225
705,rat,225
706,liquor,224
707,plane,224
708,jongun,224
709,returned,223
710,48,223
711,fight,222
712,looking,222
713,original,222
714,1,222
715,born,221
716,price,221
717,region,221
718,must,221
719,matter,221
720,continue,219
721,done,219
722,great,219
723,feel,219
724,device,218
725,15,218
726,version,217
727,share,217
728,top,217
729,memorial,216
730,aldulaimi,216
731,biopic,216
732,passed,215
733,batmobile,215
734,feeling,214
735,water,214
736,blog,214
737,created,213
738,macaulay,213
739,team,212
740,alive,212
741,seven,212
742,brought,211
743,teacher,211
744,king,211
745,israel,211
746,crime,210
747,target,210
748,google,210
749,9,210
750,agreed,209
751,fan,209
752,everything,209
753,secret,209
754,turkey,209
755,result,209
756,vickers,209
757,13,209
758,batman,209
759,southern,208
760,getting,208
761,drug,208
762,libyan,208
763,vogue,208
764,fireball,208
765,denied,207
766,justice,207
767,felt,207
768,mail,207
769,island,207
770,test,206
771,pet,206
772,rapper,206
773,quickly,205
774,reuters,205
775,product,205
776,tweeted,205
777,gun,205
778,removed,204
779,footage,204
780,series,204
781,spokesperson,202
782,latest,202
783,execution,202
784,box,202
785,community,201
786,employee,201
787,market,201
788,television,201
789,castro,201
790,everyone,200
791,rumour,200
792,married,199
793,buy,199
794,key,199
795,scotland,199
796,defense,198
797,st,198
798,either,198
799,200,197
800,course,197
801,kadalim,196
802,bomb,196
803,sign,196
804,email,196
805,line,195
806,australian,195
807,kfc,195
808,related,195
809,add,195
810,mile,195
811,project,195
812,africa,194
813,pretty,194
814,vehicle,194
815,apartment,194
816,rock,194
817,institute,194
818,rc,194
819,speaking,193
820,injury,193
821,central,193
822,running,193
823,beheaded,192
824,available,192
825,lost,192
826,lead,192
827,involved,191
828,nun,191
829,bbc,191
830,church,191
831,extremely,191
832,knew,190
833,steven,190
834,sky,190
835,similar,190
836,bill,190
837,hearing,189
838,light,189
839,canada,189
840,position,189
841,door,189
842,carried,188
843,rep,188
844,rather,188
845,pregnant,188
846,private,188
847,safe,188
848,size,187
849,telling,187
850,detroit,187
851,stopped,187
852,recorded,187
853,important,187
854,aircraft,187
855,suspected,187
856,often,186
857,east,186
858,issued,186
859,hollywood,186
860,la,185
861,williams,185
862,date,185
863,red,185
864,trail,185
865,quoted,185
866,managed,184
867,criminal,184
868,un,184
869,remains,183
870,guy,183
871,holy,183
872,became,183
873,nbc,183
874,artist,182
875,kill,182
876,dropped,182
877,suffering,182
878,february,182
879,jet,182
880,college,182
881,note,182
882,vice,182
883,negotiation,182
884,here,181
885,25,181
886,july,181
887,initially,181
888,spice,181
889,upcoming,181
890,publication,180
891,chinese,180
892,wouldnt,179
893,single,179
894,weve,179
895,72,179
896,catfish,179
897,sent,178
898,declared,178
899,finally,178
900,fox,177
901,certain,177
902,hair,177
903,3,177
904,charge,177
905,abducted,176
906,killer,176
907,israeli,176
908,individual,175
909,appear,175
910,moving,175
911,couple,174
912,instagram,174
913,common,174
914,remove,173
915,pm,173
916,verified,173
917,putin,173
918,owner,173
919,stock,173
920,certainly,172
921,filmed,172
922,40,172
923,quite,172
924,baghdadi,172
925,wall,172
926,happen,172
927,blast,172
928,exchange,171
929,kevin,171
930,multiple,171
931,pictured,171
932,analyst,171
933,bad,170
934,gone,170
935,teen,170
936,youre,170
937,california,170
938,insect,169
939,warning,169
940,zehafbibeau,169
941,app,169
942,moved,168
943,entire,167
944,fish,167
945,massachusetts,167
946,christmas,166
947,joined,166
948,sun,166
949,pumpkin,166
950,concern,166
951,potential,166
952,disease,166
953,17,165
954,include,165
955,tour,165
956,percent,165
957,coalition,164
958,wearing,164
959,responsible,164
960,system,164
961,condom,164
962,simply,164
963,cofounder,164
964,hank,164
965,amazon,164
966,jim,163
967,difficult,163
968,sept,163
969,adding,162
970,yesterday,162
971,check,162
972,previous,161
973,saja,161
974,serious,161
975,launched,161
976,science,161
977,gunshot,161
978,marine,161
979,tonight,160
980,idea,160
981,26,160
982,strange,160
983,completely,160
984,superman,160
985,sell,160
986,treatment,159
987,seized,159
988,5,159
989,village,158
990,barack,158
991,ask,158
992,attention,158
993,phelps,158
994,surgery,158
995,wish,158
996,jonathan,157
997,december,157
998,worked,157
999,lack,157
1000,visit,157
1001,noted,157
1002,dawn,157
1003,fall,157
1004,cooke,157
1005,ankle,157
1006,jong,157
1007,couldnt,156
1008,short,156
1009,playing,156
1010,speech,156
1011,june,156
1012,editor,156
1013,raised,156
1014,address,156
1015,document,156
1016,trading,156
1017,nearby,155
1018,contacted,155
1019,needed,155
1020,girlfriend,155
1021,boyle,155
1022,administration,154
1023,hold,154
1024,effort,154
1025,voice,154
1026,uploaded,153
1027,surprise,153
1028,march,153
1029,throughout,153
1030,harvey,153
1031,always,153
1032,7,153
1033,armed,153
1034,chibok,152
1035,try,152
1036,rushed,152
1037,worth,152
1038,china,152
1039,14,151
1040,pay,151
1041,shocking,151
1042,truth,151
1043,spokeswoman,151
1044,cost,151
1045,chandler,151
1046,bombing,151
1047,unclear,151
1048,dam,151
1049,leading,151
1050,forced,150
1051,civilian,150
1052,kept,150
1053,pentagon,150
1054,wont,150
1055,pulled,150
1056,citing,149
1057,none,149
1058,tor,149
1059,arm,149
1060,leadership,149
1061,hbo,149
1062,response,148
1063,shown,148
1064,alone,148
1065,upon,148
1066,prank,148
1067,raise,148
1068,eye,148
1069,screen,148
1070,announcement,147
1071,independent,147
1072,display,147
1073,longer,147
1074,paid,147
1075,total,147
1076,chad,146
1077,talking,146
1078,orange,146
1079,towards,146
1080,tripoli,146
1081,executioner,146
1082,gunfire,146
1083,aaron,146
1084,global,145
1085,wide,145
1086,occurred,145
1087,included,145
1088,linked,145
1089,kidnapping,144
1090,chance,144
1091,headline,144
1092,burrow,144
1093,plant,144
1094,committee,144
1095,determine,144
1096,park,144
1097,amount,144
1098,v,144
1099,decade,143
1100,duncan,143
1101,whatever,143
1102,band,143
1103,covering,143
1104,blood,143
1105,retina,143
1106,changed,142
1107,discus,142
1108,list,142
1109,whole,142
1110,civil,142
1111,declined,142
1112,religious,141
1113,purported,141
1114,radio,141
1115,writing,141
1116,dressed,141
1117,final,141
1118,ran,141
1119,additional,141
1120,bright,141
1121,round,140
1122,education,140
1123,cbs,140
1124,main,140
1125,together,140
1126,pyongyang,140
1127,meanwhile,139
1128,future,139
1129,hard,139
1130,history,139
1131,game,139
1132,16,139
1133,dhs,138
1134,shock,138
1135,30,138
1136,maybe,138
1137,else,138
1138,leaving,138
1139,patrol,137
1140,begin,137
1141,mirror,137
1142,crawl,137
1143,28,137
1144,eight,137
1145,micheal,137
1146,4,137
1147,representative,136
1148,example,136
1149,explained,136
1150,picked,136
1151,meet,136
1152,tale,136
1153,biggest,135
1154,24,135
1155,possibly,135
1156,rebel,135
1157,commercial,135
1158,seeking,135
1159,activity,135
1160,flying,135
1161,success,134
1162,cuba,134
1163,attempt,134
1164,speculation,134
1165,kurd,134
1166,flight,134
1167,ongoing,134
1168,aug,134
1169,possibility,134
1170,bloomberg,134
1171,remain,133
1172,eastern,133
1173,expect,133
1174,trade,133
1175,patient,133
1176,investigator,133
1177,zeppelin,133
1178,mexican,132
1179,ready,132
1180,paradise,132
1181,photojournalist,132
1182,strong,131
1183,ten,131
1184,summer,131
1185,conflict,131
1186,accent,131
1187,tiger,131
1188,woke,131
1189,written,131
1190,county,131
1191,shortly,131
1192,troop,131
1193,stay,131
1194,anna,131
1195,wintour,131
1196,credible,130
1197,brutal,130
1198,interest,130
1199,range,130
1200,meteor,130
1201,danny,130
1202,suggest,129
1203,belief,129
1204,entirely,129
1205,walking,129
1206,chicken,129
1207,appendix,129
1208,31,129
1209,sugarhill,129
1210,variety,128
1211,seem,128
1212,yes,128
1213,gift,128
1214,sold,128
1215,survive,128
1216,unusual,128
1217,sale,128
1218,quote,128
1219,tried,128
1220,better,128
1221,veyron,128
1222,popular,127
1223,2009,127
1224,cover,127
1225,base,127
1226,court,127
1227,reach,127
1228,planet,127
1229,hasnt,127
1230,struck,127
1231,airstrike,127
1232,pilot,127
1233,boom,127
1234,african,126
1235,teenager,126
1236,kid,126
1237,province,126
1238,normal,126
1239,india,126
1240,disappearance,126
1241,cannot,126
1242,direct,126
1243,rogen,126
1244,edition,126
1245,snow,125
1246,especially,125
1247,calling,125
1248,road,125
1249,special,125
1250,peace,125
1251,producer,124
1252,eyewitness,124
1253,filming,124
1254,actual,124
1255,weather,124
1256,feed,124
1257,opened,124
1258,rose,124
1259,toward,124
1260,executive,124
1261,facility,124
1262,qureshi,124
1263,counterterrorism,124
1264,globalpost,124
1265,wozniak,124
1266,majority,123
1267,satirical,123
1268,placed,123
1269,indeed,123
1270,type,123
1271,fly,123
1272,afp,123
1273,anniversary,123
1274,monitor,123
1275,research,123
1276,presence,123
1277,drive,123
1278,level,123
1279,graf,123
1280,current,123
1281,step,123
1282,supposed,123
1283,arabia,122
1284,widely,122
1285,beheads,122
1286,lawyer,122
1287,goldfish,122
1288,absence,122
1289,term,122
1290,reaction,121
1291,eating,121
1292,stage,121
1293,havent,121
1294,answer,121
1295,shooter,120
1296,passing,120
1297,russian,120
1298,possession,120
1299,surfaced,120
1300,kobane,120
1301,walk,120
1302,standing,119
1303,kai,119
1304,sensation,119
1305,machine,119
1306,eventually,119
1307,significant,119
1308,mission,119
1309,gill,119
1310,offered,119
1311,loud,119
1312,district,119
1313,fidel,119
1314,suggested,118
1315,cast,118
1316,planned,118
1317,male,118
1318,carrying,118
1319,battle,118
1320,alqaeda,118
1321,ended,117
1322,search,117
1323,exactly,117
1324,impossible,117
1325,subject,117
1326,computer,117
1327,meat,117
1328,causing,117
1329,letter,117
1330,taliban,117
1331,grave,117
1332,glide,117
1333,bugatti,117
1334,northeastern,116
1335,estimated,116
1336,stand,116
1337,property,116
1338,unarmed,116
1339,sick,116
1340,sort,116
1341,audience,116
1342,break,116
1343,chris,116
1344,symptom,116
1345,confirmation,116
1346,caliphate,115
1347,rule,115
1348,broke,115
1349,miss,115
1350,framenau,115
1351,museum,115
1352,considered,115
1353,hamid,115
1354,palace,115
1355,treated,115
1356,bunbury,115
1357,officially,115
1358,background,115
1359,truce,115
1360,failure,114
1361,apparent,114
1362,forward,114
1363,29,114
1364,council,114
1365,rest,114
1366,ap,114
1367,continues,113
1368,bring,113
1369,tweet,113
1370,abdul,113
1371,mostly,113
1372,belonging,113
1373,michelle,113
1374,per,113
1375,oct,112
1376,freed,112
1377,apprehended,112
1378,asking,112
1379,content,112
1380,mp,112
1381,garden,112
1382,risk,112
1383,analysis,112
1384,scottish,112
1385,activist,112
1386,episode,112
1387,unidentified,112
1388,sense,112
1389,seeing,112
1390,seth,112
1391,absolutely,111
1392,protect,111
1393,access,111
1394,meant,111
1395,investigating,111
1396,various,111
1397,technology,111
1398,dictator,111
1399,unconfirmed,110
1400,verify,110
1401,conversation,110
1402,breaking,110
1403,omar,110
1404,spotted,110
1405,square,110
1406,famous,110
1407,cash,110
1408,obamas,110
1409,publicly,110
1410,threatened,110
1411,darren,110
1412,familiar,110
1413,homeland,109
1414,hed,109
1415,driver,109
1416,confusion,109
1417,freelance,109
1418,supply,109
1419,nov,109
1420,bosnia,109
1421,19,108
1422,albaghdadis,108
1423,please,108
1424,dollar,108
1425,astronomer,108
1426,lady,108
1427,iguala,108
1428,mashable,107
1429,innocent,107
1430,accused,107
1431,wing,107
1432,concerned,107
1433,18,107
1434,save,107
1435,safety,107
1436,militia,107
1437,unlikely,107
1438,horner,107
1439,hotel,106
1440,block,106
1441,initial,106
1442,board,106
1443,lie,106
1444,raid,106
1445,location,106
1446,updated,106
1447,abubakar,105
1448,immediate,105
1449,tip,105
1450,paper,105
1451,graphic,105
1452,half,105
1453,prior,105
1454,suggests,105
1455,remark,105
1456,emerged,105
1457,request,105
1458,truck,105
1459,german,104
1460,insurgency,104
1461,brian,104
1462,giving,104
1463,sexual,104
1464,russia,104
1465,huge,104
1466,affair,104
1467,authentic,104
1468,2010,104
1469,comforting,104
1470,process,104
1471,review,104
1472,ceo,104
1473,planning,104
1474,card,103
1475,cameron,103
1476,character,103
1477,mountain,103
1478,describes,103
1479,durex,103
1480,weight,103
1481,wave,103
1482,exact,103
1483,conal,103
1484,emergency,102
1485,care,102
1486,train,102
1487,effect,102
1488,spend,102
1489,journalism,102
1490,300,102
1491,hole,102
1492,communication,102
1493,federal,102
1494,beneath,102
1495,disappeared,102
1496,file,101
1497,provided,101
1498,globe,101
1499,meal,101
1500,sitting,101
1501,arent,101
1502,colleague,101
1503,cheese,101
1504,happy,101
1505,tan,101
1506,buried,101
1507,scroll,101
1508,produce,101
1509,defence,101
1510,targeted,101
1511,mi5,101
1512,executed,101
1513,amid,101
1514,van,100
1515,mobile,100
1516,industry,100
1517,gained,100
1518,ability,100
1519,delight,100
1520,burning,100
1521,queen,100
1522,item,100
1523,wonder,100
1524,et,100
1525,somalia,100
1526,secure,100
1527,writer,100
1528,21,100
1529,agreement,100
1530,guinness,100
1531,quick,99
1532,ill,99
1533,celebrity,99
1534,revelation,99
1535,cnns,99
1536,cuban,99
1537,cross,98
1538,staged,98
1539,chest,98
1540,design,98
1541,chip,98
1542,clearly,98
1543,heavy,98
1544,vocativ,98
1545,sergeantatarms,98
1546,drone,98
1547,contributed,98
1548,option,98
1549,robot,98
1550,unnamed,98
1551,studio,98
1552,award,98
1553,connection,97
1554,nature,97
1555,bizarre,97
1556,prison,97
1557,sought,97
1558,helped,97
1559,debate,97
1560,m,97
1561,godane,97
1562,ben,97
1563,archbishop,97
1564,alongside,97
1565,lopa,97
1566,roughly,97
1567,rudd,97
1568,converted,96
1569,delivered,96
1570,britain,96
1571,bleeding,96
1572,genuine,96
1573,choice,96
1574,mention,96
1575,27,96
1576,injured,96
1577,secretary,96
1578,political,96
1579,writes,96
1580,robert,96
1581,kneeling,95
1582,prayer,95
1583,die,95
1584,abdomen,95
1585,fellow,95
1586,deadly,95
1587,charged,95
1588,appearing,95
1589,bullet,95
1590,accurate,95
1591,signed,95
1592,afternoon,95
1593,seriously,95
1594,alert,95
1595,scorpion,95
1596,sarajevo,95
1597,material,95
1598,anonymity,94
1599,attempted,94
1600,hoping,94
1601,relationship,94
1602,deputy,94
1603,san,94
1604,wrong,94
1605,circulating,94
1606,circulated,94
1607,airliner,94
1608,fell,94
1609,helmet,94
1610,join,94
1611,louis,94
1612,anonymous,94
1613,contract,94
1614,gaza,94
1615,massive,93
1616,program,93
1617,click,93
1618,brain,93
1619,id,93
1620,spiderman,93
1621,interior,93
1622,neither,93
1623,violent,93
1624,includes,93
1625,society,93
1626,traveled,93
1627,enforcement,93
1628,blogger,93
1629,served,93
1630,putting,93
1631,addition,93
1632,suffered,93
1633,complaint,93
1634,broken,92
1635,knowledge,92
1636,entered,92
1637,nelson,92
1638,exclusive,92
1639,dark,92
1640,defies,92
1641,training,92
1642,sport,92
1643,captivity,92
1644,provide,92
1645,spot,91
1646,appearance,91
1647,threatening,91
1648,mouth,91
1649,dulaimi,91
1650,career,91
1651,song,91
1652,campus,91
1653,contracted,91
1654,snyder,91
1655,dinner,91
1656,pizza,90
1657,cited,90
1658,rape,90
1659,knife,90
1660,glass,90
1661,create,90
1662,third,90
1663,baghdadis,90
1664,necessary,90
1665,client,90
1666,afghanistan,90
1667,allowed,90
1668,detainee,90
1669,apps,90
1670,graffiti,89
1671,regime,89
1672,tie,89
1673,fun,89
1674,ahead,89
1675,ordered,89
1676,underneath,89
1677,port,89
1678,track,89
1679,complete,89
1680,unit,89
1681,bethell,89
1682,rescue,89
1683,refused,89
1684,wounded,89
1685,rifle,89
1686,embassy,89
1687,text,89
1688,territory,89
1689,meteorologist,89
1690,mac,89
1691,reddit,89
1692,mcdonalds,89
1693,icloud,89
1694,prankster,88
1695,aware,88
1696,seemed,88
1697,urban,88
1698,travel,88
1699,mind,88
1700,arrival,88
1701,shop,88
1702,largest,88
1703,particular,88
1704,abuse,88
1705,peter,88
1706,creation,88
1707,guess,88
1708,skeptical,88
1709,murillo,88
1710,rap,88
1711,broadcast,88
1712,badeh,87
1713,crisis,87
1714,travelling,87
1715,cancer,87
1716,soil,87
1717,larger,87
1718,abandoned,87
1719,critical,87
1720,60,87
1721,table,87
1722,aide,87
1723,insurgent,87
1724,medic,87
1725,esquire,87
1726,bary,87
1727,approach,87
1728,jackson,87
1729,music,87
1730,sony,87
1731,ticket,86
1732,organisation,86
1733,allow,86
1734,searing,86
1735,link,86
1736,firm,86
1737,stephen,86
1738,mentioned,86
1739,baghdad,86
1740,gonzalez,86
1741,matt,86
1742,seismic,86
1743,jordanian,86
1744,oil,85
1745,responded,85
1746,angry,85
1747,respond,85
1748,bird,85
1749,metal,85
1750,12inch,85
1751,identify,85
1752,obviously,85
1753,oh,85
1754,conducted,85
1755,tiny,85
1756,europe,85
1757,shoot,85
1758,engineer,85
1759,missile,85
1760,freedom,85
1761,dna,85
1762,deep,85
1763,chat,85
1764,taibbi,85
1765,profile,84
1766,conservative,84
1767,host,84
1768,produced,84
1769,italian,84
1770,bought,84
1771,forensic,84
1772,pregnancy,84
1773,insider,84
1774,plus,84
1775,jones,84
1776,dicaprio,84
1777,fit,84
1778,bus,84
1779,guerrero,84
1780,browser,84
1781,independently,84
1782,french,83
1783,us,83
1784,arrived,83
1785,influence,83
1786,keeping,83
1787,chemical,83
1788,window,83
1789,dy,83
1790,archdiocese,83
1791,pas,83
1792,unknown,83
1793,gas,83
1794,aged,83
1795,ad,83
1796,demanding,83
1797,jumpsuit,82
1798,brief,82
1799,supporter,82
1800,travelled,82
1801,duty,82
1802,growing,82
1803,professor,82
1804,depends,82
1805,hurt,82
1806,quarter,82
1807,vital,82
1808,environment,82
1809,credit,82
1810,literally,82
1811,origin,82
1812,biography,82
1813,protest,82
1814,northeast,81
1815,election,81
1816,powerful,81
1817,congressman,81
1818,lived,81
1819,collected,81
1820,shocked,81
1821,stick,81
1822,speculated,81
1823,natural,81
1824,originally,81
1825,mob,81
1826,kumar,81
1827,manhattan,81
1828,wonderful,81
1829,2008,81
1830,consider,81
1831,motherly,81
1832,scheduled,81
1833,il,81
1834,telegraph,81
1835,passenger,81
1836,directly,81
1837,strauch,81
1838,abdullah,81
1839,population,81
1840,evening,81
1841,holt,81
1842,anchor,81
1843,lemon,81
1844,mueller,81
1845,feb,80
1846,condolence,80
1847,loss,80
1848,bed,80
1849,nine,80
1850,feared,80
1851,witnessed,80
1852,hot,80
1853,airdrop,80
1854,designed,80
1855,relation,80
1856,investigate,80
1857,chain,80
1858,data,80
1859,abduction,79
1860,charlie,79
1861,pr,79
1862,southwest,79
1863,presented,79
1864,legal,79
1865,fine,79
1866,development,79
1867,assault,79
1868,england,79
1869,warned,79
1870,dermatologist,79
1871,surprised,79
1872,expressed,79
1873,missed,79
1874,particularly,79
1875,leaf,79
1876,understand,79
1877,reveals,79
1878,usled,79
1879,active,79
1880,field,79
1881,setting,79
1882,personnel,79
1883,omalley,79
1884,consequence,79
1885,funeral,79
1886,burned,79
1887,borno,79
1888,criticism,78
1889,crossed,78
1890,football,78
1891,standard,78
1892,nikolai,78
1893,lung,78
1894,looked,78
1895,selling,78
1896,rise,78
1897,husband,78
1898,lover,78
1899,european,78
1900,ahmed,78
1901,valley,78
1902,noticed,78
1903,2004,78
1904,collins,78
1905,separate,78
1906,indicated,77
1907,pointed,77
1908,thank,77
1909,somebody,77
1910,build,77
1911,ship,77
1912,nusra,77
1913,eat,77
1914,intended,77
1915,ilic,77
1916,cctv,77
1917,turkish,77
1918,kuwait,77
1919,traditional,77
1920,hell,77
1921,veteran,77
1922,confirms,77
1923,hero,77
1924,streaming,77
1925,investment,77
1926,learned,77
1927,leonardo,77
1928,meteoroid,77
1929,kims,77
1930,prompted,76
1931,art,76
1932,deny,76
1933,jason,76
1934,usb,76
1935,soul,76
1936,pain,76
1937,carry,76
1938,remember,76
1939,headquarters,76
1940,twin,76
1941,stone,76
1942,jetliner,76
1943,briton,76
1944,missouri,76
1945,shes,76
1946,obvious,76
1947,cable,76
1948,definitely,75
1949,jordan,75
1950,secretly,75
1951,briefly,75
1952,sometimes,75
1953,breathe,75
1954,leaked,75
1955,stronghold,75
1956,authorized,75
1957,attempting,75
1958,warm,75
1959,politician,75
1960,fence,75
1961,bottle,75
1962,agence,75
1963,exist,75
1964,monitoring,75
1965,autopsy,75
1966,cook,75
1967,propaganda,75
1968,walter,75
1969,directed,75
1970,focus,75
1971,tribute,74
1972,alcohol,74
1973,behalf,74
1974,usually,74
1975,offering,74
1976,classmate,74
1977,burst,74
1978,dumped,74
1979,disney,74
1980,spca,74
1981,successful,74
1982,911,74
1983,rare,74
1984,scott,74
1985,fashion,74
1986,treat,74
1987,elderly,74
1988,calm,74
1989,explaining,74
1990,complex,74
1991,firing,74
1992,pot,74
1993,academy,74
1994,storm,74
1995,colorado,74
1996,chilpancingo,74
1997,faction,73
1998,bin,73
1999,license,73
2000,theyve,73
2001,highly,73
2002,expensive,73
2003,responsibility,73
2004,floor,73
2005,vatican,73
2006,worry,73
2007,realize,73
2008,une,73
2009,sorry,73
2010,219,72
2011,entering,72
2012,2006,72
2013,production,72
2014,royal,72
2015,reading,72
2016,martin,72
2017,cirillo,72
2018,hall,72
2019,fatal,72
2020,harper,72
2021,regarding,72
2022,stated,72
2023,determined,72
2024,pressure,72
2025,capsule,72
2026,nightly,72
2027,conflicting,72
2028,reader,72
2029,timing,72
2030,primary,71
2031,committed,71
2032,smaller,71
2033,cleric,71
2034,reply,71
2035,positive,71
2036,twice,71
2037,thinking,71
2038,strategic,71
2039,500,71
2040,catch,71
2041,sugar,71
2042,featured,71
2043,vega,71
2044,attacked,71
2045,easy,71
2046,joint,71
2047,fought,71
2048,cool,71
2049,gain,71
2050,millan,71
2051,informed,71
2052,isaacsons,71
2053,300000,71
2054,coverage,71
2055,laboratory,71
2056,steel,71
2057,sharing,70
2058,debunked,70
2059,donation,70
2060,jail,70
2061,trend,70
2062,relative,70
2063,ally,70
2064,culture,70
2065,sunni,70
2066,miracle,70
2067,taylor,70
2068,serving,70
2069,sudden,70
2070,degree,70
2071,roman,70
2072,desk,70
2073,43,70
2074,miraculously,70
2075,diane,70
2076,existence,70
2077,babici,70
2078,57,70
2079,damir,70
2080,pro,70
2081,delivery,69
2082,thanks,69
2083,ensure,69
2084,teenage,69
2085,laptop,69
2086,supposedly,69
2087,whats,69
2088,estimate,69
2089,rodent,69
2090,sniper,69
2091,territorial,69
2092,repeatedly,69
2093,alarm,69
2094,visited,69
2095,scared,69
2096,low,69
2097,reunion,69
2098,viewer,69
2099,cnbc,69
2100,somers,69
2101,goodluck,68
2102,minority,68
2103,status,68
2104,teach,68
2105,drop,68
2106,rumored,68
2107,arab,68
2108,land,68
2109,class,68
2110,antihistamine,68
2111,suicide,68
2112,everywhere,68
2113,questioning,68
2114,returning,68
2115,metre,68
2116,thus,68
2117,39,68
2118,waiting,68
2119,season,68
2120,struggling,68
2121,attributed,68
2122,journal,68
2123,tom,68
2124,alex,67
2125,theory,67
2126,susteren,67
2127,manager,67
2128,buying,67
2129,increase,67
2130,magnet,67
2131,century,67
2132,physical,67
2133,experiment,67
2134,severed,67
2135,located,67
2136,distance,67
2137,amazing,67
2138,partner,67
2139,rcmp,67
2140,danger,67
2141,blame,67
2142,nfl,67
2143,plausible,67
2144,wait,67
2145,meter,67
2146,appropriate,67
2147,founder,67
2148,debris,67
2149,rosenbergs,67
2150,drove,66
2151,sad,66
2152,titled,66
2153,attract,66
2154,headed,66
2155,staying,66
2156,surface,66
2157,jan,66
2158,avoid,66
2159,grenade,66
2160,command,66
2161,practice,66
2162,landed,66
2163,australia,66
2164,win,66
2165,vandalism,66
2166,interesting,66
2167,denies,65
2168,ruling,65
2169,supported,65
2170,enter,65
2171,unable,65
2172,unfortunately,65
2173,detention,65
2174,present,65
2175,lawmaker,65
2176,performed,65
2177,organ,65
2178,worldwide,65
2179,mosque,65
2180,toy,65
2181,bear,65
2182,infestation,65
2183,gravity,65
2184,pull,65
2185,beginning,65
2186,unverified,65
2187,fiveday,65
2188,unless,65
2189,abrams,65
2190,newly,65
2191,richard,65
2192,closer,65
2193,fund,65
2194,mayor,65
2195,camp,64
2196,bay,64
2197,intel,64
2198,drink,64
2199,anywhere,64
2200,underground,64
2201,spoken,64
2202,250,64
2203,equipment,64
2204,dangerous,64
2205,prevent,64
2206,creating,64
2207,william,64
2208,effectively,64
2209,negotiate,64
2210,apology,64
2211,blurred,64
2212,attended,64
2213,suggesting,64
2214,punk,64
2215,io,64
2216,choose,63
2217,suggestion,63
2218,specialist,63
2219,misinformation,63
2220,spends,63
2221,hadnt,63
2222,advice,63
2223,fiction,63
2224,dude,63
2225,operational,63
2226,exposed,63
2227,grew,63
2228,resource,63
2229,abdel,63
2230,clash,63
2231,zack,63
2232,oscar,63
2233,ripped,63
2234,tech,63
2235,wolf,63
2236,Ã ,63
2237,fast,63
2238,unrelated,63
2239,volker,62
2240,follicle,62
2241,identification,62
2242,tree,62
2243,stunned,62
2244,mushroom,62
2245,professional,62
2246,maintained,62
2247,limited,62
2248,suitcase,62
2249,specific,62
2250,ypg,62
2251,charles,62
2252,dad,62
2253,alshabaab,62
2254,numerous,62
2255,christopher,62
2256,progovernment,62
2257,closed,62
2258,valid,62
2259,1990,62
2260,wine,62
2261,failed,62
2262,ruled,62
2263,prove,62
2264,extra,62
2265,beside,62
2266,radical,62
2267,marriage,62
2268,chlorine,62
2269,battery,62
2270,hairgate,62
2271,remote,61
2272,categorically,61
2273,estate,61
2274,worst,61
2275,legend,61
2276,combined,61
2277,catching,61
2278,fang,61
2279,bitten,61
2280,photograph,61
2281,71,61
2282,considering,61
2283,funny,61
2284,purchase,61
2285,opening,61
2286,caucus,61
2287,tactic,61
2288,controlled,61
2289,recovered,61
2290,humberto,61
2291,testing,61
2292,played,61
2293,flee,61
2294,satire,61
2295,republican,61
2296,formed,61
2297,announce,61
2298,regular,61
2299,questioned,61
2300,retail,61
2301,countdown,61
2302,presidential,60
2303,wear,60
2304,value,60
2305,badly,60
2306,italy,60
2307,length,60
2308,lynch,60
2309,offence,60
2310,farm,60
2311,landing,60
2312,christ,60
2313,bogus,60
2314,glove,60
2315,retired,60
2316,winter,60
2317,crowd,60
2318,wooded,60
2319,kingdom,59
2320,appalled,59
2321,vladimir,59
2322,experiencing,59
2323,dig,59
2324,bigger,59
2325,indicate,59
2326,upset,59
2327,taste,59
2328,titchmarsh,59
2329,aired,59
2330,tested,59
2331,author,59
2332,airline,59
2333,excited,59
2334,largely,59
2335,purportedly,59
2336,battling,59
2337,jessica,59
2338,po,59
2339,enemy,59
2340,bag,59
2341,drawing,59
2342,flowing,59
2343,passport,59
2344,sight,59
2345,vacation,59
2346,espns,59
2347,concluded,59
2348,moon,59
2349,educational,59
2350,flag,59
2351,fuel,59
2352,raqqa,59
2353,coup,59
2354,18yearold,59
2355,hitting,59
2356,spring,59
2357,redwood,59
2358,reset,59
2359,confrontation,59
2360,samsung,59
2361,yojong,59
2362,burger,59
2363,yo,59
2364,laughing,58
2365,contested,58
2366,ultimately,58
2367,shirt,58
2368,commented,58
2369,cat,58
2370,blasted,58
2371,mystery,58
2372,arachnid,58
2373,roche,58
2374,21yearold,58
2375,fate,58
2376,required,58
2377,denial,58
2378,compound,58
2379,intersex,58
2380,spending,58
2381,pick,58
2382,5000,58
2383,knee,58
2384,speaks,58
2385,programming,58
2386,prosecutor,58
2387,focused,58
2388,commander,58
2389,involving,58
2390,convert,58
2391,belongs,58
2392,fever,58
2393,rate,58
2394,elite,58
2395,biological,58
2396,sceptical,58
2397,outskirt,58
2398,rice,58
2399,traffic,58
2400,ce,58
2401,audition,58
2402,lowlevel,58
2403,ahmadu,58
2404,assistance,58
2405,strict,57
2406,youll,57
2407,2000,57
2408,alan,57
2409,desert,57
2410,lay,57
2411,preparing,57
2412,pair,57
2413,blister,57
2414,inquiry,57
2415,admitted,57
2416,observatory,57
2417,exploded,57
2418,advance,57
2419,scarf,57
2420,flash,57
2421,cardinal,57
2422,p,57
2423,spreading,57
2424,coordinator,57
2425,buddle,57
2426,correction,57
2427,beyond,57
2428,observer,57
2429,winning,57
2430,2007,57
2431,meehan,57
2432,nearearth,57
2433,klinger,57
2434,interviewed,57
2435,filled,56
2436,handed,56
2437,tim,56
2438,turning,56
2439,stayed,56
2440,shift,56
2441,40yearold,56
2442,fictional,56
2443,caption,56
2444,pga,56
2445,westminster,56
2446,topic,56
2447,sgt,56
2448,owned,56
2449,contains,56
2450,mom,56
2451,giant,56
2452,form,56
2453,application,56
2454,darkness,56
2455,relatively,56
2456,dust,56
2457,crush,56
2458,pack,56
2459,noise,56
2460,tulemaganbetov,56
2461,tukur,56
2462,banksys,55
2463,assumed,55
2464,nathan,55
2465,sand,55
2466,conducting,55
2467,deleted,55
2468,encounter,55
2469,wild,55
2470,mammal,55
2471,terrorism,55
2472,joke,55
2473,illegal,55
2474,intervention,55
2475,cleaver,55
2476,visible,55
2477,testicle,55
2478,keen,55
2479,heavily,55
2480,loved,55
2481,title,55
2482,master,55
2483,crawled,55
2484,banned,55
2485,buzzfeed,55
2486,zero,55
2487,cage,55
2488,irbil,55
2489,respect,55
2490,joe,55
2491,dismissed,55
2492,rich,55
2493,madden,55
2494,screenwriter,55
2495,tough,55
2496,branson,55
2497,youve,55
2498,palestinian,55
2499,lower,54
2500,heartwarming,54
2501,remained,54
2502,facing,54
2503,tweezer,54
2504,9to5mac,54
2505,maan,54
2506,complained,54
2507,indian,54
2508,beaten,54
2509,ball,54
2510,convinced,54
2511,japanese,54
2512,chair,54
2513,threw,54
2514,aside,54
2515,deeply,54
2516,horrifying,54
2517,modern,54
2518,touch,54
2519,suit,54
2520,generated,54
2521,seat,54
2522,surrounding,54
2523,resemblance,54
2524,amsterdam,54
2525,hampshire,54
2526,fully,54
2527,assured,54
2528,worried,54
2529,riquelme,54
2530,posting,54
2531,pushed,54
2532,cop,54
2533,2001,54
2534,somewhat,54
2535,progress,54
2536,ansar,54
2537,frame,54
2538,sonys,54
2539,brooklyn,54
2540,processor,54
2541,marshal,53
2542,fleeing,53
2543,conspiracy,53
2544,publicity,53
2545,stuck,53
2546,hunting,53
2547,arriving,53
2548,follower,53
2549,buzz,53
2550,golf,53
2551,strip,53
2552,diplomatic,53
2553,proof,53
2554,bunch,53
2555,truly,53
2556,quality,53
2557,older,53
2558,sat,53
2559,attached,53
2560,ambassador,53
2561,circumstance,53
2562,drawn,53
2563,direction,53
2564,match,53
2565,cry,53
2566,nast,53
2567,e,53
2568,path,53
2569,net,53
2570,rosario,53
2571,branch,53
2572,indication,53
2573,harams,52
2574,greta,52
2575,greater,52
2576,adviser,52
2577,midnight,52
2578,trouble,52
2579,superpower,52
2580,nose,52
2581,elsewhere,52
2582,poor,52
2583,butcher,52
2584,burn,52
2585,therefore,52
2586,waste,52
2587,1000,52
2588,tank,52
2589,50,52
2590,wind,52
2591,guilty,52
2592,verma,52
2593,wa,52
2594,goal,52
2595,happening,52
2596,stating,52
2597,skepticism,52
2598,opinion,52
2599,henry,52
2600,developer,52
2601,hayden,52
2602,awful,52
2603,stuyvesant,52
2604,boat,52
2605,gee,52
2606,send,52
2607,registered,52
2608,independence,52
2609,fincher,52
2610,summons,52
2611,lester,52
2612,yeoman,52
2613,employer,52
2614,ipad,52
2615,meaning,51
2616,chaffetz,51
2617,sean,51
2618,privacy,51
2619,predecessor,51
2620,suddenly,51
2621,borough,51
2622,remarkable,51
2623,keyboard,51
2624,removal,51
2625,watching,51
2626,eaten,51
2627,charity,51
2628,dragged,51
2629,raped,51
2630,lucky,51
2631,scenario,51
2632,joel,51
2633,vet,51
2634,70,51
2635,software,51
2636,nt,51
2637,tear,51
2638,francepresse,51
2639,reproductive,51
2640,purport,51
2641,gonna,51
2642,clinic,51
2643,ginsberg,51
2644,demand,51
2645,yemen,51
2646,crossing,50
2647,butler,50
2648,horror,50
2649,mum,50
2650,arachnophobes,50
2651,brand,50
2652,ibrahim,50
2653,younger,50
2654,supreme,50
2655,suresh,50
2656,rajasthan,50
2657,cdc,50
2658,starting,50
2659,diagnosed,50
2660,certificate,50
2661,native,50
2662,watched,50
2663,sleep,50
2664,operating,50
2665,outrage,50
2666,tissue,50
2667,quiet,50
2668,thrown,50
2669,artery,50
2670,rhythm,50
2671,suzy,50
2672,kolber,50
2673,warner,50
2674,wilfried,50
2675,streak,50
2676,neighboring,50
2677,pose,50
2678,nobody,50
2679,nice,50
2680,advanced,50
2681,chose,50
2682,refugee,50
2683,exit,50
2684,infection,50
2685,higher,50
2686,publishing,50
2687,weatherman,50
2688,havana,50
2689,pricing,50
2690,r,49
2691,actively,49
2692,humanitarian,49
2693,strategy,49
2694,broad,49
2695,pulling,49
2696,feeding,49
2697,magneto,49
2698,proposed,49
2699,covered,49
2700,cold,49
2701,boyfriend,49
2702,explains,49
2703,infected,49
2704,disclaimer,49
2705,contained,49
2706,rehab,49
2707,properly,49
2708,language,49
2709,fallen,49
2710,kurdistan,49
2711,sinjar,49
2712,willing,49
2713,subscriber,49
2714,egypt,49
2715,pound,49
2716,2003,49
2717,traveling,49
2718,basis,49
2719,personal,49
2720,expose,49
2721,stuff,49
2722,silicon,49
2723,davis,49
2724,messaging,49
2725,period,49
2726,coat,49
2727,theft,49
2728,francisco,49
2729,aleppo,49
2730,obtained,49
2731,highprofile,49
2732,herzegovina,49
2733,bonham,49
2734,alsabah,49
2735,shore,49
2736,intruder,49
2737,fuentes,49
2738,beard,49
2739,forgotten,48
2740,cameroon,48
2741,plenty,48
2742,jumped,48
2743,lying,48
2744,34,48
2745,surprising,48
2746,dan,48
2747,understood,48
2748,recovering,48
2749,somewhere,48
2750,measure,48
2751,extensive,48
2752,airdropped,48
2753,loading,48
2754,grow,48
2755,teletubbies,48
2756,jess,48
2757,anbar,48
2758,singer,48
2759,mounted,48
2760,bible,48
2761,eric,48
2762,tanzania,48
2763,recruit,48
2764,energy,48
2765,billion,48
2766,incredibly,48
2767,express,48
2768,owe,48
2769,incredible,48
2770,gout,48
2771,airbus,48
2772,visiting,48
2773,shane,48
2774,dubbed,48
2775,commissioner,48
2776,peninsula,48
2777,regional,47
2778,faced,47
2779,drinking,47
2780,swept,47
2781,editing,47
2782,except,47
2783,shen,47
2784,style,47
2785,cache,47
2786,divorce,47
2787,appeal,47
2788,stir,47
2789,luckily,47
2790,hijacked,47
2791,kirby,47
2792,disturbing,47
2793,overwhelming,47
2794,hoped,47
2795,lockdown,47
2796,trained,47
2797,asia,47
2798,violated,47
2799,damage,47
2800,dallas,47
2801,welcome,47
2802,affleck,47
2803,green,47
2804,typically,47
2805,qaeda,47
2806,curator,47
2807,arachnology,47
2808,minor,47
2809,contrary,47
2810,l,47
2811,sparked,47
2812,metrocouk,47
2813,racket,47
2814,menu,47
2815,que,47
2816,kilometre,47
2817,feig,47
2818,notification,47
2819,levine,47
2820,protester,47
2821,stainless,47
2822,congress,46
2823,annual,46
2824,extraordinary,46
2825,purpose,46
2826,logic,46
2827,deepest,46
2828,coin,46
2829,advertisement,46
2830,crawling,46
2831,perform,46
2832,snowman,46
2833,flower,46
2834,memory,46
2835,inch,46
2836,burrowing,46
2837,entertainment,46
2838,guest,46
2839,accepted,46
2840,swimmer,46
2841,toll,46
2842,procedure,46
2843,library,46
2844,fled,46
2845,decide,46
2846,blue,46
2847,spark,46
2848,helicopter,46
2849,tourist,46
2850,iron,46
2851,siege,46
2852,casualty,46
2853,pushing,46
2854,screengrab,46
2855,banja,46
2856,luka,46
2857,nenad,46
2858,casting,46
2859,eggnog,46
2860,regularly,46
2861,olsen,46
2862,judge,46
2863,highway,46
2864,reveal,46
2865,bringing,46
2866,canadianisraeli,46
2867,france,45
2868,grown,45
2869,allegation,45
2870,whereabouts,45
2871,terrible,45
2872,sandoval,45
2873,mistake,45
2874,capable,45
2875,yahoo,45
2876,nonsense,45
2877,gender,45
2878,purchased,45
2879,peshmerga,45
2880,declaration,45
2881,thanksgiving,45
2882,usual,45
2883,j,45
2884,90,45
2885,forecast,45
2886,axl,45
2887,album,45
2888,nail,45
2889,developed,45
2890,staffer,45
2891,worse,45
2892,eternity,45
2893,dramatic,45
2894,abc,45
2895,aggression,45
2896,saved,45
2897,jose,45
2898,chelyabinsk,45
2899,ceremony,45
2900,disintegrated,45
2901,circle,45
2902,neighbouring,45
2903,conclusion,45
2904,blamed,45
2905,driven,44
2906,confident,44
2907,lottery,44
2908,generous,44
2909,taugan,44
2910,culprit,44
2911,confess,44
2912,fatwa,44
2913,selfproclaimed,44
2914,buckingham,44
2915,purporting,44
2916,chopped,44
2917,northwestern,44
2918,finding,44
2919,punishment,44
2920,dc,44
2921,handle,44
2922,benghazi,44
2923,edward,44
2924,vast,44
2925,protection,44
2926,fresh,44
2927,weighed,44
2928,graduated,44
2929,goto,44
2930,somali,44
2931,basically,44
2932,totally,44
2933,brigade,44
2934,gruesome,44
2935,joy,44
2936,embrace,44
2937,core,44
2938,ukraine,44
2939,freshman,44
2940,nyc,44
2941,safari,44
2942,editorial,44
2943,increasing,44
2944,beirut,44
2945,adam,44
2946,raising,44
2947,underage,44
2948,nicknamed,44
2949,caitlin,44
2950,aimed,44
2951,alshabab,44
2952,gossip,44
2953,wels,44
2954,overnight,44
2955,assembly,44
2956,bullshit,44
2957,suburb,44
2958,receive,44
2959,100000,44
2960,detected,44
2961,tb,44
2962,copyright,44
2963,angeles,44
2964,x,44
2965,cub,44
2966,divided,43
2967,receiving,43
2968,labour,43
2969,confused,43
2970,superior,43
2971,stunt,43
2972,attracted,43
2973,perth,43
2974,spiracle,43
2975,convent,43
2976,bedroom,43
2977,31yearold,43
2978,bite,43
2979,destroyed,43
2980,desperate,43
2981,oliver,43
2982,gertz,43
2983,metropolitan,43
2984,task,43
2985,union,43
2986,hiding,43
2987,quit,43
2988,overweight,43
2989,jean,43
2990,lunch,43
2991,lengthy,43
2992,stronger,43
2993,oversight,43
2994,ton,43
2995,flew,43
2996,outbreak,43
2997,guide,43
2998,superhero,43
2999,referring,43
3000,associate,43
3001,disclose,43
3002,temple,43
3003,seek,43
3004,speculate,43
3005,straight,43
3006,0,43
3007,800,43
3008,mechanical,43
3009,pa,43
3010,los,43
3011,explanation,43
3012,crash,43
3013,abdulla,43
3014,seizing,42
3015,replied,42
3016,plotting,42
3017,rob,42
3018,130000,42
3019,walked,42
3020,shoulder,42
3021,destroy,42
3022,inquisitr,42
3023,massacre,42
3024,reference,42
3025,retaliation,42
3026,segment,42
3027,afraid,42
3028,entrance,42
3029,talked,42
3030,chop,42
3031,follows,42
3032,lake,42
3033,performance,42
3034,cell,42
3035,commenting,42
3036,sam,42
3037,tumour,42
3038,trapped,42
3039,bang,42
3040,confidence,42
3041,proud,42
3042,posed,42
3043,tunisia,42
3044,preaching,42
3045,rapid,42
3046,bureau,42
3047,emwazis,42
3048,perfectly,42
3049,involvement,42
3050,weekly,42
3051,benedict,42
3052,hired,42
3053,examining,42
3054,accept,42
3055,bos,42
3056,beatles,42
3057,score,42
3058,fragment,42
3059,400,42
3060,crazy,42
3061,begun,42
3062,forum,42
3063,solidarity,42
3064,trust,42
3065,fair,42
3066,digital,42
3067,luxury,42
3068,gordon,42
3069,vi,42
3070,pacific,42
3071,12in,42
3072,pant,41
3073,manner,41
3074,lawn,41
3075,pupil,41
3076,porn,41
3077,suspended,41
3078,opportunity,41
3079,wire,41
3080,13inch,41
3081,hashtag,41
3082,ending,41
3083,dating,41
3084,genitals,41
3085,vladi,41
3086,folk,41
3087,atlantic,41
3088,ok,41
3089,barn,41
3090,gen,41
3091,damaged,41
3092,sit,41
3093,quebec,41
3094,convicted,41
3095,deliberation,41
3096,jump,41
3097,alqaida,41
3098,earthquake,41
3099,launching,41
3100,remaining,41
3101,furious,41
3102,engage,41
3103,amongst,41
3104,specimen,41
3105,club,41
3106,guantanamo,41
3107,besieged,41
3108,myth,41
3109,investigated,41
3110,ear,41
3111,huffington,41
3112,eleven,41
3113,gawker,41
3114,flown,41
3115,gathered,41
3116,conde,41
3117,friendly,41
3118,danladi,41
3119,wearable,41
3120,easily,41
3121,smartwatch,41
3122,boarding,40
3123,negotiated,40
3124,hunt,40
3125,legendary,40
3126,msnbc,40
3127,horrific,40
3128,nowhere,40
3129,northwest,40
3130,egg,40
3131,offender,40
3132,slightly,40
3133,driving,40
3134,healthy,40
3135,10000,40
3136,contain,40
3137,scottishspca,40
3138,odd,40
3139,helping,40
3140,jumping,40
3141,constipated,40
3142,interested,40
3143,governor,40
3144,occasion,40
3145,viewed,40
3146,ransom,40
3147,bibeau,40
3148,alignment,40
3149,survived,40
3150,depending,40
3151,orbit,40
3152,sensor,40
3153,agree,40
3154,woody,40
3155,edge,40
3156,breach,40
3157,brings,40
3158,bringbackourgirls,40
3159,atmosphere,40
3160,correspondent,40
3161,george,40
3162,ferrari,40
3163,internal,40
3164,franchise,40
3165,spray,40
3166,carolina,40
3167,mysterious,40
3168,factory,40
3169,withdraw,40
3170,warrant,40
3171,anticipated,40
3172,dec,40
3173,honestly,40
3174,twinztv,40
3175,profit,40
3176,netflix,40
3177,perspective,40
3178,louise,40
3179,realized,40
3180,blasio,40
3181,cloud,40
3182,tsarnaev,40
3183,storage,40
3184,acting,39
3185,critic,39
3186,anger,39
3187,develop,39
3188,faith,39
3189,cen,39
3190,daylight,39
3191,escape,39
3192,imagine,39
3193,otherwise,39
3194,anyway,39
3195,shed,39
3196,asks,39
3197,cartoon,39
3198,earnings,39
3199,suspicion,39
3200,gap,39
3201,loyal,39
3202,pocket,39
3203,lock,39
3204,rolling,39
3205,approached,39
3206,marking,39
3207,jazeera,39
3208,dedicating,39
3209,searching,39
3210,forget,39
3211,geological,39
3212,stan,39
3213,moore,39
3214,dar,39
3215,nicholas,39
3216,presumably,39
3217,debunking,39
3218,apart,39
3219,chairman,39
3220,learn,39
3221,increasingly,39
3222,authenticated,39
3223,representing,39
3224,bashar,39
3225,steak,39
3226,clean,39
3227,backed,39
3228,mo,39
3229,who,39
3230,speed,39
3231,simple,39
3232,hassan,39
3233,flame,39
3234,affected,39
3235,accusation,39
3236,connected,39
3237,struggle,39
3238,consumerist,39
3239,mediaite,39
3240,session,39
3241,finance,39
3242,hiphop,39
3243,jesus,39
3244,consistent,39
3245,murdered,39
3246,youngest,39
3247,omeri,39
3248,mubi,38
3249,usmexico,38
3250,lefevre,38
3251,identifies,38
3252,tracked,38
3253,indiegogo,38
3254,setup,38
3255,closely,38
3256,moscow,38
3257,unveiling,38
3258,existing,38
3259,accompanied,38
3260,detailed,38
3261,inspired,38
3262,24hour,38
3263,ammunition,38
3264,checkpoint,38
3265,distraught,38
3266,counter,38
3267,joining,38
3268,surveillance,38
3269,complaining,38
3270,kevlar,38
3271,enormous,38
3272,jorge,38
3273,virgin,38
3274,ht,38
3275,originated,38
3276,pluto,38
3277,searched,38
3278,correct,38
3279,advancing,38
3280,mount,38
3281,pursuing,38
3282,seemingly,38
3283,republika,38
3284,behaviour,38
3285,financial,38
3286,jj,38
3287,riyadh,38
3288,uprising,38
3289,established,38
3290,defended,38
3291,capability,38
3292,fascinating,38
3293,auction,38
3294,happens,38
3295,hate,38
3296,fractured,38
3297,cooper,38
3298,concert,38
3299,steakhouse,38
3300,andreysmygov,38
3301,sparking,38
3302,jerusalem,38
3303,christy,38
3304,referred,38
3305,researcher,38
3306,discomfort,38
3307,omidyar,38
3308,criticized,37
3309,hebdo,37
3310,captor,37
3311,disgusting,37
3312,player,37
3313,23,37
3314,26yearold,37
3315,kryaglyachenko,37
3316,caliph,37
3317,unexpected,37
3318,fried,37
3319,stretching,37
3320,double,37
3321,ganganagar,37
3322,vigilante,37
3323,purely,37
3324,sweden,37
3325,management,37
3326,cruel,37
3327,manhood,37
3328,throw,37
3329,harm,37
3330,rip,37
3331,selfless,37
3332,slope,37
3333,lump,37
3334,successfully,37
3335,balaclava,37
3336,henning,37
3337,laughed,37
3338,zone,37
3339,opposite,37
3340,reassuring,37
3341,revived,37
3342,montreal,37
3343,downtown,37
3344,marketing,37
3345,flesh,37
3346,frequently,37
3347,institution,37
3348,potentially,37
3349,spare,37
3350,geographic,37
3351,biology,37
3352,urged,37
3353,bombed,37
3354,describing,37
3355,mallie,37
3356,painted,37
3357,millionaire,37
3358,corp,37
3359,theyd,37
3360,35,37
3361,constantine,37
3362,resort,37
3363,lego,37
3364,thompson,37
3365,description,37
3366,warplane,37
3367,pregame,37
3368,jongil,37
3369,dashed,36
3370,200000,36
3371,escaped,36
3372,hosted,36
3373,subsequently,36
3374,evil,36
3375,cooperation,36
3376,barbaric,36
3377,condemned,36
3378,warns,36
3379,worn,36
3380,lucita,36
3381,particle,36
3382,lad,36
3383,thinner,36
3384,permitted,36
3385,quoting,36
3386,notice,36
3387,significance,36
3388,genitalia,36
3389,modified,36
3390,picking,36
3391,unique,36
3392,expectation,36
3393,corroborated,36
3394,package,36
3395,bundle,36
3396,slippery,36
3397,gay,36
3398,visitor,36
3399,fatally,36
3400,separated,36
3401,soft,36
3402,hightech,36
3403,lucas,36
3404,32,36
3405,grab,36
3406,survey,36
3407,whisky,36
3408,infamous,36
3409,microsoft,36
3410,nickname,36
3411,envelope,36
3412,bloodshed,36
3413,penny,36
3414,dino,36
3415,river,36
3416,beast,36
3417,photographed,36
3418,mainstream,36
3419,highest,36
3420,forthcoming,36
3421,publicist,36
3422,illness,36
3423,sentenced,36
3424,prompting,36
3425,volley,36
3426,shower,36
3427,desire,36
3428,nypd,36
3429,odinga,36
3430,pressler,36
3431,simulated,36
3432,io9,36
3433,conals,36
3434,economy,35
3435,scandal,35
3436,portrayed,35
3437,pure,35
3438,levant,35
3439,tony,35
3440,defeat,35
3441,promised,35
3442,confront,35
3443,rear,35
3444,reallife,35
3445,magnetic,35
3446,breakfast,35
3447,charging,35
3448,fungi,35
3449,built,35
3450,tied,35
3451,razor,35
3452,weird,35
3453,firstyear,35
3454,increased,35
3455,stateowned,35
3456,oldest,35
3457,soothing,35
3458,disturb,35
3459,unblock,35
3460,leg,35
3461,prize,35
3462,phrase,35
3463,expansive,35
3464,blow,35
3465,afterwards,35
3466,quarantined,35
3467,taught,35
3468,heat,35
3469,shouldnt,35
3470,sarah,35
3471,teaching,35
3472,engagement,35
3473,untrue,35
3474,ineter,35
3475,griswold,35
3476,billionaire,35
3477,producing,35
3478,carrier,35
3479,alassad,35
3480,philip,35
3481,scientific,35
3482,crack,35
3483,developing,35
3484,oberholtzer,35
3485,blur,35
3486,vote,35
3487,editorinchief,35
3488,stern,35
3489,damon,35
3490,provider,35
3491,ipod,35
3492,marital,35
3493,disavowal,35
3494,tel,35
3495,adult,35
3496,mgm,35
3497,seattle,35
3498,41,35
3499,plot,35
3500,audiotape,35
3501,push,35
3502,crew,35
3503,canseco,35
3504,kanye,35
3505,succession,35
3506,equally,34
3507,ethnic,34
3508,gallery,34
3509,requested,34
3510,murderer,34
3511,sneeze,34
3512,theyll,34
3513,eliminated,34
3514,creepy,34
3515,allows,34
3516,prominent,34
3517,saad,34
3518,threatens,34
3519,discover,34
3520,punished,34
3521,blade,34
3522,lianne,34
3523,temporarily,34
3524,filed,34
3525,scale,34
3526,flooded,34
3527,kenji,34
3528,yard,34
3529,rapist,34
3530,opted,34
3531,mainly,34
3532,custody,34
3533,scanner,34
3534,affect,34
3535,pumpkinspice,34
3536,santamaria,34
3537,formerly,34
3538,occurrence,34
3539,abdelmajed,34
3540,height,34
3541,imprisoned,34
3542,bloody,34
3543,purdon,34
3544,occur,34
3545,starring,34
3546,pitbull,34
3547,criminality,34
3548,jumper,34
3549,mcgill,34
3550,daniel,34
3551,fixed,34
3552,write,34
3553,challenge,34
3554,commonly,34
3555,prepared,34
3556,greek,34
3557,conduct,34
3558,spain,34
3559,est,34
3560,au,34
3561,benjamin,34
3562,consumer,34
3563,florida,34
3564,awoke,34
3565,woz,34
3566,organized,34
3567,discussing,34
3568,bernard,34
3569,cesar,34
3570,flyby,34
3571,bar,34
3572,incorrect,34
3573,flood,34
3574,solution,34
3575,luke,34
3576,idf,34
3577,deepdotweb,34
3578,bergdahl,34
3579,276,33
3580,tribe,33
3581,ring,33
3582,provides,33
3583,15000,33
3584,vowed,33
3585,emotional,33
3586,arachnologist,33
3587,parasitic,33
3588,collect,33
3589,removing,33
3590,hilarious,33
3591,appreciate,33
3592,trio,33
3593,villa,33
3594,speak,33
3595,error,33
3596,shopping,33
3597,introduced,33
3598,shipment,33
3599,gillis,33
3600,attacking,33
3601,smell,33
3602,delay,33
3603,jonguns,33
3604,volcanologist,33
3605,clinically,33
3606,commission,33
3607,carefully,33
3608,radar,33
3609,nuclear,33
3610,represent,33
3611,similarly,33
3612,asset,33
3613,onsite,33
3614,dedicated,33
3615,swap,33
3616,highlevel,33
3617,insurance,33
3618,merely,33
3619,fed,33
3620,doubted,33
3621,referendum,33
3622,judicial,33
3623,pour,33
3624,paint,33
3625,addressed,33
3626,insight,33
3627,urinating,33
3628,bratton,33
3629,bolide,33
3630,component,33
3631,protesting,33
3632,opposition,33
3633,pierre,33
3634,translation,33
3635,awakens,33
3636,maiduguri,32
3637,establish,32
3638,clue,32
3639,embarrassing,32
3640,electric,32
3641,comic,32
3642,schoolboy,32
3643,controversy,32
3644,interpretation,32
3645,embarrassment,32
3646,clare,32
3647,specie,32
3648,hook,32
3649,normally,32
3650,macedonian,32
3651,locate,32
3652,testosterone,32
3653,speaker,32
3654,sympathy,32
3655,jay,32
3656,exodus,32
3657,sweep,32
3658,coordination,32
3659,canister,32
3660,clothes,32
3661,dance,32
3662,childrens,32
3663,confirming,32
3664,mall,32
3665,kilometer,32
3666,allah,32
3667,80,32
3668,freelancer,32
3669,zehaf,32
3670,marie,32
3671,unaware,32
3672,werent,32
3673,combat,32
3674,anymore,32
3675,nurse,32
3676,discussed,32
3677,saballos,32
3678,caller,32
3679,droppings,32
3680,construction,32
3681,patrick,32
3682,attacker,32
3683,unveiled,32
3684,learning,32
3685,split,32
3686,separately,32
3687,predicted,32
3688,yeah,32
3689,shutterstock,32
3690,lone,32
3691,grand,32
3692,packed,32
3693,srpska,32
3694,forbes,32
3695,saving,32
3696,rank,32
3697,importance,32
3698,sharia,32
3699,becoming,32
3700,sanction,32
3701,kelly,32
3702,obrien,32
3703,fourth,32
3704,mary,32
3705,checking,32
3706,justin,32
3707,ferry,32
3708,listed,32
3709,presidency,32
3710,blowing,32
3711,fry,32
3712,matthew,32
3713,assuming,32
3714,tracking,32
3715,drunk,32
3716,adamawa,32
3717,measuring,32
3718,venezuelan,32
3719,bendgate,32
3720,hbos,32
3721,kayla,32
3722,dejeus,32
3723,pencil,31
3724,reform,31
3725,ed,31
3726,wondering,31
3727,iconic,31
3728,ban,31
3729,naked,31
3730,spoon,31
3731,naturally,31
3732,bunburys,31
3733,generating,31
3734,amazed,31
3735,tropic,31
3736,miniscule,31
3737,transmit,31
3738,pore,31
3739,blemish,31
3740,crawly,31
3741,enlisting,31
3742,submit,31
3743,11inch,31
3744,fruit,31
3745,andrew,31
3746,mourning,31
3747,complicated,31
3748,molested,31
3749,recall,31
3750,winner,31
3751,regard,31
3752,context,31
3753,beloved,31
3754,recognized,31
3755,understanding,31
3756,instrument,31
3757,checked,31
3758,traveler,31
3759,cbc,31
3760,hey,31
3761,porch,31
3762,insisted,31
3763,studied,31
3764,salaam,31
3765,rochester,31
3766,bostonbased,31
3767,closest,31
3768,jeff,31
3769,fade,31
3770,angel,31
3771,scotch,31
3772,crusader,31
3773,mortgage,31
3774,experienced,31
3775,pierson,31
3776,guerreros,31
3777,reclusive,31
3778,hammond,31
3779,bomber,31
3780,gaddafi,31
3781,moroccan,31
3782,clothing,31
3783,denying,31
3784,bail,31
3785,repeated,31
3786,hip,31
3787,hat,31
3788,berlin,31
3789,ordering,31
3790,finished,31
3791,rival,31
3792,fat,31
3793,ashton,31
3794,somehow,31
3795,diario,31
3796,stream,31
3797,negotiator,31
3798,unspecified,31
3799,controversial,31
3800,hwang,31
3801,qatar,31
3802,touching,30
3803,fundraising,30
3804,tool,30
3805,credibility,30
3806,unwittingly,30
3807,proved,30
3808,ice,30
3809,typec,30
3810,transferred,30
3811,unlike,30
3812,castrated,30
3813,dhawan,30
3814,adoption,30
3815,count,30
3816,tinder,30
3817,kadalims,30
3818,soltoff,30
3819,cheating,30
3820,faye,30
3821,wildlife,30
3822,n,30
3823,vancouver,30
3824,designated,30
3825,providing,30
3826,panic,30
3827,residence,30
3828,holidaying,30
3829,helmand,30
3830,assistant,30
3831,victory,30
3832,26th,30
3833,studying,30
3834,1970s,30
3835,lisa,30
3836,technique,30
3837,personally,30
3838,touched,30
3839,deported,30
3840,cutting,30
3841,impose,30
3842,alike,30
3843,strength,30
3844,prouder,30
3845,2016,30
3846,hug,30
3847,delayed,30
3848,absolute,30
3849,45,30
3850,neighborhood,30
3851,arachnologists,30
3852,medicine,30
3853,belt,30
3854,jeh,30
3855,employ,30
3856,happiness,30
3857,garcia,30
3858,londoner,30
3859,operates,30
3860,aborted,30
3861,mode,30
3862,airplane,30
3863,frequent,30
3864,fallujah,30
3865,falling,30
3866,newfangled,30
3867,gadgetry,30
3868,wash,30
3869,courier,30
3870,tackled,30
3871,apply,30
3872,rudin,30
3873,bedfordshire,30
3874,abuja,30
3875,instance,30
3876,optical,30
3877,pounder,30
3878,vomiting,30
3879,diagnose,30
3880,exwife,30
3881,yeti,30
3882,redacted,30
3883,deby,29
3884,losing,29
3885,platform,29
3886,pouring,29
3887,blocked,29
3888,liberal,29
3889,strongly,29
3890,willie,29
3891,slain,29
3892,triggered,29
3893,luck,29
3894,broadwell,29
3895,infidel,29
3896,severino,29
3897,contaminated,29
3898,stockholm,29
3899,pool,29
3900,welfare,29
3901,transport,29
3902,expand,29
3903,racked,29
3904,performs,29
3905,ignored,29
3906,defending,29
3907,targeting,29
3908,instant,29
3909,snake,29
3910,kassig,29
3911,parliamentary,29
3912,abdi,29
3913,reward,29
3914,affiliate,29
3915,parachute,29
3916,explosive,29
3917,violation,29
3918,extension,29
3919,25th,29
3920,16footdeep,29
3921,forever,29
3922,shabab,29
3923,fabricated,29
3924,nightmare,29
3925,sermon,29
3926,railway,29
3927,slapped,29
3928,containing,29
3929,pursue,29
3930,25000,29
3931,firework,29
3932,ambush,29
3933,leak,29
3934,devastating,29
3935,westerner,29
3936,plumbing,29
3937,antiaircraft,29
3938,autonation,29
3939,feminist,29
3940,bone,29
3941,chosun,29
3942,resolution,29
3943,sorkins,29
3944,trace,29
3945,jersey,29
3946,screenplay,29
3947,basic,29
3948,naval,29
3949,dish,29
3950,vandal,29
3951,aguirre,29
3952,75,29
3953,carter,29
3954,comfort,29
3955,empire,29
3956,odds,29
3957,dorian,29
3958,howard,29
3959,inclination,29
3960,binesh,29
3961,seam,29
3962,beggar,29
3963,18karat,29
3964,idriss,28
3965,striking,28
3966,convenience,28
3967,urgently,28
3968,horrified,28
3969,smiling,28
3970,poop,28
3971,arabian,28
3972,enjoy,28
3973,sin,28
3974,exciting,28
3975,severe,28
3976,cream,28
3977,pinning,28
3978,intolerable,28
3979,deplorable,28
3980,250000,28
3981,flooding,28
3982,golfer,28
3983,fishing,28
3984,listing,28
3985,welsh,28
3986,ringing,28
3987,fairly,28
3988,admission,28
3989,pal,28
3990,completed,28
3991,everyday,28
3992,ambulance,28
3993,glad,28
3994,jane,28
3995,revenue,28
3996,creates,28
3997,waited,28
3998,weaponry,28
3999,veterinary,28
4000,cautioned,28
4001,nairobi,28
4002,yazidis,28
4003,accidentally,28
4004,casino,28
4005,parish,28
4006,absent,28
4007,protected,28
4008,flavored,28
4009,reputation,28
4010,fault,28
4011,gravitational,28
4012,fool,28
4013,jupiter,28
4014,switch,28
4015,k5,28
4016,knightscope,28
4017,li,28
4018,enable,28
4019,karam,28
4020,disaster,28
4021,knowing,28
4022,cc,28
4023,17yearold,28
4024,danish,28
4025,fisherman,28
4026,remembered,28
4027,1979,28
4028,overseas,28
4029,marked,28
4030,notable,28
4031,ilbo,28
4032,hidden,28
4033,expansion,28
4034,counterfeit,28
4035,hop,28
4036,import,28
4037,lately,28
4038,infertility,28
4039,miscarriage,28
4040,premature,28
4041,heel,28
4042,failing,28
4043,damboa,28
4044,unfounded,28
4045,36,28
4046,occupational,28
4047,qui,28
4048,carr,28
4049,spraypainted,28
4050,vgtorious,28
4051,script,28
4052,kutcher,28
4053,journey,28
4054,equivalent,28
4055,wound,28
4056,cannabis,28
4057,advantage,28
4058,listened,28
4059,demanded,28
4060,promise,28
4061,ray,28
4062,wemple,28
4063,propulsion,28
4064,abortion,28
4065,allmale,28
4066,mcmanus,28
4067,bug,28
4068,chapter,28
4069,benedettini,28
4070,translator,28
4071,4000,28
4072,blanco,28
4073,usher,28
4074,collector,28
4075,democratic,27
4076,paris,27
4077,widespread,27
4078,elected,27
4079,personality,27
4080,democrat,27
4081,resolve,27
4082,gps,27
4083,useful,27
4084,sheikh,27
4085,sinful,27
4086,arabic,27
4087,recognize,27
4088,everybody,27
4089,deliver,27
4090,hallucinogenic,27
4091,super,27
4092,beat,27
4093,depicting,27
4094,stable,27
4095,cohost,27
4096,lose,27
4097,broadcaster,27
4098,random,27
4099,continuing,27
4100,introducing,27
4101,chosen,27
4102,hide,27
4103,performing,27
4104,algeria,27
4105,stood,27
4106,gunned,27
4107,citizenship,27
4108,entry,27
4109,corriere,27
4110,elon,27
4111,socalled,27
4112,nfls,27
4113,salter,27
4114,flat,27
4115,investigative,27
4116,clergy,27
4117,disapproval,27
4118,skill,27
4119,cared,27
4120,solar,27
4121,debunk,27
4122,hopefully,27
4123,tall,27
4124,leverage,27
4125,tone,27
4126,guardian,27
4127,simultaneously,27
4128,lesson,27
4129,accompany,27
4130,fearless,27
4131,dispute,27
4132,invaded,27
4133,acknowledged,27
4134,atrocity,27
4135,placing,27
4136,sounded,27
4137,optimistic,27
4138,chart,27
4139,distributed,27
4140,delta,27
4141,engaged,27
4142,expanded,27
4143,brave,27
4144,monument,27
4145,acute,27
4146,prevented,27
4147,phenomenon,27
4148,mtv,27
4149,cautiously,27
4150,ceiling,27
4151,unidos,27
4152,renewed,27
4153,featuring,27
4154,expressing,27
4155,followup,27
4156,microsofts,27
4157,airing,27
4158,planted,27
4159,ambition,27
4160,guymon,27
4161,casady,27
4162,sandy,27
4163,section,27
4164,scattered,27
4165,blackstone,27
4166,5wpr,27
4167,brotherhood,27
4168,taibbis,27
4169,patheos,27
4170,comcasts,27
4171,unrest,27
4172,enforce,27
4173,aluminum,27
4174,resistant,27
4175,diplomat,27
4176,adsupported,27
4177,shekaus,26
4178,corruption,26
4179,dictatorship,26
4180,weakened,26
4181,dimension,26
4182,mart,26
4183,shadow,26
4184,vigilant,26
4185,landscape,26
4186,carlisle,26
4187,obtain,26
4188,decrease,26
4189,spec,26
4190,scholar,26
4191,identifying,26
4192,intense,26
4193,arrive,26
4194,macerata,26
4195,getty,26
4196,discovery,26
4197,abroad,26
4198,aamir,26
4199,sends,26
4200,supplier,26
4201,underwent,26
4202,suspension,26
4203,choosing,26
4204,extreme,26
4205,crude,26
4206,treating,26
4207,diabetes,26
4208,welcomed,26
4209,patron,26
4210,religion,26
4211,jihad,26
4212,haruna,26
4213,emailed,26
4214,kenya,26
4215,recounted,26
4216,wake,26
4217,jacket,26
4218,enters,26
4219,1992,26
4220,hire,26
4221,delhi,26
4222,paying,26
4223,tower,26
4224,deter,26
4225,toilet,26
4226,4th,26
4227,en,26
4228,restart,26
4229,surrounded,26
4230,crushing,26
4231,decapitated,26
4232,berg,26
4233,autonomous,26
4234,accounting,26
4235,cordoned,26
4236,revenge,26
4237,neck,26
4238,bradley,26
4239,sea,26
4240,concludes,26
4241,unbelievable,26
4242,tragedy,26
4243,chunk,26
4244,offensive,26
4245,admits,26
4246,exceptionally,26
4247,phony,26
4248,duped,26
4249,corresponds,26
4250,overrun,26
4251,arnold,26
4252,refuse,26
4253,deed,26
4254,65,26
4255,plumber,26
4256,limping,26
4257,awaiting,26
4258,vermin,26
4259,pest,26
4260,youd,26
4261,elizabeth,26
4262,ii,26
4263,surviving,26
4264,massachussetts,26
4265,undead,26
4266,greeted,26
4267,parade,26
4268,dispensary,26
4269,wherever,26
4270,difference,26
4271,nordegren,26
4272,judd,26
4273,longtime,26
4274,missionary,26
4275,sentence,26
4276,anybody,26
4277,yellow,26
4278,reasonable,26
4279,astronomy,26
4280,aviv,26
4281,info,26
4282,pereira,26
4283,demonstrator,26
4284,attending,26
4285,represented,26
4286,arizona,26
4287,rally,25
4288,courage,25
4289,44,25
4290,subsequent,25
4291,lord,25
4292,magsafe,25
4293,corner,25
4294,satan,25
4295,screenshot,25
4296,scream,25
4297,ayr,25
4298,loving,25
4299,breed,25
4300,abandoning,25
4301,duo,25
4302,1980,25
4303,booze,25
4304,earn,25
4305,crowdfunding,25
4306,seize,25
4307,norfolk,25
4308,delicate,25
4309,theologian,25
4310,yukawa,25
4311,shy,25
4312,atheist,25
4313,praise,25
4314,accidental,25
4315,cargo,25
4316,msnbcwebsite,25
4317,spiritual,25
4318,maintains,25
4319,severely,25
4320,motivation,25
4321,morgana,25
4322,ghost,25
4323,corporal,25
4324,fitness,25
4325,fee,25
4326,fix,25
4327,mask,25
4328,condÃ©,25
4329,sir,25
4330,virtually,25
4331,summon,25
4332,ridiculous,25
4333,fleet,25
4334,k5s,25
4335,compare,25
4336,aggressive,25
4337,approved,25
4338,batcave,25
4339,underscore,25
4340,surrender,25
4341,psychological,25
4342,evan,25
4343,meteoritic,25
4344,spacecom,25
4345,utah,25
4346,reaching,25
4347,fur,25
4348,renowned,25
4349,immigrant,25
4350,cleared,25
4351,ride,25
4352,era,25
4353,releasing,25
4354,sadly,25
4355,decent,25
4356,robinson,25
4357,backing,25
4358,trailer,25
4359,watford,25
4360,download,25
4361,movement,25
4362,slumdog,25
4363,bidder,25
4364,apache,25
4365,sounding,25
4366,highlight,25
4367,egyptian,25
4368,leaning,25
4369,permission,25
4370,microphone,25
4371,jimmy,25
4372,wealth,25
4373,warren,25
4374,refusing,25
4375,departure,25
4376,allied,25
4377,dieu,25
4378,rouleau,25
4379,bellagio,25
4380,blackjack,25
4381,humble,25
4382,acquisition,25
4383,inc,25
4384,lighting,25
4385,honor,25
4386,shelter,25
4387,foundation,25
4388,mensch,25
4389,contemplation,25
4390,plastic,25
4391,aspect,25
4392,tenant,25
4393,rating,25
4394,relayed,25
4395,handling,25
4396,subscription,25
4397,349,25
4398,strap,25
4399,populous,24
4400,dominate,24
4401,dim,24
4402,tragic,24
4403,sentiment,24
4404,rightwing,24
4405,cheaper,24
4406,voluntarily,24
4407,technical,24
4408,reacted,24
4409,guitarist,24
4410,vacationing,24
4411,condemning,24
4412,tick,24
4413,pepper,24
4414,thailand,24
4415,underboob,24
4416,selfies,24
4417,policing,24
4418,connector,24
4419,jack,24
4420,statue,24
4421,celebration,24
4422,breakup,24
4423,specifically,24
4424,hung,24
4425,3000,24
4426,historical,24
4427,depressed,24
4428,beacon,24
4429,roy,24
4430,fitch,24
4431,blocker,24
4432,bathroom,24
4433,guinea,24
4434,papal,24
4435,saint,24
4436,behead,24
4437,cabinet,24
4438,uganda,24
4439,popped,24
4440,laid,24
4441,morocco,24
4442,grisly,24
4443,slow,24
4444,loose,24
4445,ak,24
4446,outdoor,24
4447,sacked,24
4448,rapidly,24
4449,wtc,24
4450,metro,24
4451,route,24
4452,birthplace,24
4453,function,24
4454,yorkbased,24
4455,businessman,24
4456,backup,24
4457,hailed,24
4458,examiner,24
4459,mix,24
4460,intimate,24
4461,neglect,24
4462,penalty,24
4463,2005,24
4464,40foot,24
4465,certainty,24
4466,insult,24
4467,announcing,24
4468,cease,24
4469,jar,24
4470,believing,24
4471,stormed,24
4472,assad,24
4473,aerial,24
4474,10yearold,24
4475,trouser,24
4476,signal,24
4477,archaeologist,24
4478,instil,24
4479,blurring,24
4480,affiliated,24
4481,fortune,24
4482,grandfather,24
4483,lagos,24
4484,350,24
4485,bust,24
4486,delivers,24
4487,abou,24
4488,zeid,24
4489,candy,24
4490,tongue,24
4491,bridget,24
4492,terrence,24
4493,donilon,24
4494,awake,24
4495,bih,24
4496,imposed,24
4497,hacked,24
4498,cartoonist,24
4499,Ã©tait,24
4500,ceremonial,24
4501,seinfeld,24
4502,tuner,24
4503,knocked,24
4504,chamber,24
4505,map,24
4506,famously,24
4507,maxwell,24
4508,ram,24
4509,powell,24
4510,approximately,24
4511,watcher,24
4512,osirisrex,24
4513,notably,24
4514,referenced,24
4515,balloon,24
4516,sur,24
4517,rural,24
4518,pit,24
4519,prototype,24
4520,malaria,24
4521,yorkshire,24
4522,defected,23
4523,gov,23
4524,perry,23
4525,marsha,23
4526,insists,23
4527,commonwealth,23
4528,emergence,23
4529,occasionally,23
4530,invited,23
4531,agaric,23
4532,programme,23
4533,hallucination,23
4534,clerc,23
4535,allergic,23
4536,publishes,23
4537,quarantine,23
4538,substantially,23
4539,reality,23
4540,mÃ¤laren,23
4541,lodge,23
4542,viking,23
4543,reattach,23
4544,intimacy,23
4545,boot,23
4546,difficulty,23
4547,recovery,23
4548,liking,23
4549,murdering,23
4550,thick,23
4551,acronym,23
4552,embattled,23
4553,anaesthetic,23
4554,console,23
4555,humane,23
4556,rev,23
4557,disclosed,23
4558,offshoot,23
4559,inaccurate,23
4560,wed,23
4561,airway,23
4562,stevens,23
4563,promote,23
4564,almighty,23
4565,guarding,23
4566,66,23
4567,squad,23
4568,locked,23
4569,premise,23
4570,modi,23
4571,rampant,23
4572,sternum,23
4573,inspect,23
4574,cpwd,23
4575,analyze,23
4576,replaced,23
4577,receives,23
4578,dismantle,23
4579,partnership,23
4580,restarted,23
4581,mailonline,23
4582,feminine,23
4583,allowing,23
4584,factor,23
4585,understandably,23
4586,kansa,23
4587,caped,23
4588,conveying,23
4589,mcmurry,23
4590,senad,23
4591,mehmedbasic,23
4592,blaming,23
4593,sailed,23
4594,okay,23
4595,neighbor,23
4596,schlinger,23
4597,emeritus,23
4598,rain,23
4599,gesture,23
4600,regardless,23
4601,2002,23
4602,stranded,23
4603,unearthed,23
4604,exercise,23
4605,protecting,23
4606,isis,23
4607,radicalised,23
4608,graduation,23
4609,muammar,23
4610,mekkaoui,23
4611,jabhat,23
4612,bonghwa,23
4613,chaos,23
4614,communist,23
4615,currency,23
4616,hajar,23
4617,inserbiainfo,23
4618,alnusra,23
4619,dancing,23
4620,battled,23
4621,charliehebdo,23
4622,42,23
4623,urge,23
4624,depiction,23
4625,tag,23
4626,olympic,23
4627,beautiful,23
4628,ordeal,23
4629,ramadi,23
4630,lease,23
4631,average,23
4632,marshall,23
4633,oscarwinning,23
4634,fatigue,23
4635,gombe,23
4636,cafÃ©,23
4637,hemisphere,23
4638,relieving,23
4639,caviar,23
4640,hedge,23
4641,berman,23
4642,macrumors,23
4643,trial,23
4644,resulted,23
4645,martinez,23
4646,artwork,23
4647,intellectual,23
4648,ikwiz,23
4649,variant,23
4650,isisheld,23
4651,billing,23
4652,exam,22
4653,formally,22
4654,immigration,22
4655,catron,22
4656,ann,22
4657,appreciation,22
4658,makeover,22
4659,anytime,22
4660,16yearold,22
4661,becomes,22
4662,sticking,22
4663,demonstrate,22
4664,responding,22
4665,leade,22
4666,interrogated,22
4667,cloistered,22
4668,gardener,22
4669,amanita,22
4670,photographer,22
4671,heartstrings,22
4672,corrective,22
4673,euclid,22
4674,alternative,22
4675,usa,22
4676,swath,22
4677,frontline,22
4678,poll,22
4679,pig,22
4680,diet,22
4681,recover,22
4682,lovely,22
4683,useless,22
4684,dropping,22
4685,greg,22
4686,13th,22
4687,resume,22
4688,gate,22
4689,fingerprint,22
4690,economic,22
4691,graduate,22
4692,notified,22
4693,planetary,22
4694,reduce,22
4695,commentator,22
4696,asim,22
4697,ibn,22
4698,vivid,22
4699,mounting,22
4700,float,22
4701,essentially,22
4702,silly,22
4703,dry,22
4704,xvi,22
4705,kidnapper,22
4706,transformation,22
4707,riquelmes,22
4708,generosity,22
4709,paused,22
4710,midst,22
4711,brettongordon,22
4712,educated,22
4713,drown,22
4714,munition,22
4715,starred,22
4716,casket,22
4717,patrolling,22
4718,symbol,22
4719,denounced,22
4720,authenticate,22
4721,custom,22
4722,fundamental,22
4723,complication,22
4724,relating,22
4725,bbcs,22
4726,electrical,22
4727,shoe,22
4728,mate,22
4729,directing,22
4730,quantico,22
4731,lit,22
4732,bishop,22
4733,visual,22
4734,resulting,22
4735,undisclosed,22
4736,reunite,22
4737,rubbish,22
4738,potato,22
4739,liquid,22
4740,assumes,22
4741,unanswered,22
4742,col,22
4743,pop,22
4744,elder,22
4745,20000,22
4746,proven,22
4747,wouldve,22
4748,obesity,22
4749,beating,22
4750,solid,22
4751,dera,22
4752,milk,22
4753,asbo,22
4754,20m,22
4755,inet,22
4756,glow,22
4757,jo,22
4758,frustrated,22
4759,jenniskens,22
4760,jon,22
4761,league,22
4762,liverpool,22
4763,candle,22
4764,disputed,22
4765,examine,22
4766,satellite,22
4767,intercept,22
4768,arcuri,22
4769,soup,22
4770,finish,22
4771,candidate,21
4772,alternate,21
4773,verification,21
4774,delivering,21
4775,arbor,21
4776,eve,21
4777,scripted,21
4778,supermarket,21
4779,twist,21
4780,scam,21
4781,sudan,21
4782,bid,21
4783,drew,21
4784,column,21
4785,hang,21
4786,slap,21
4787,veterinarian,21
4788,marche,21
4789,ward,21
4790,discovering,21
4791,castration,21
4792,andy,21
4793,staterun,21
4794,easier,21
4795,publish,21
4796,determining,21
4797,passage,21
4798,telephone,21
4799,container,21
4800,rubble,21
4801,letting,21
4802,skunk,21
4803,puppy,21
4804,birthday,21
4805,reluctant,21
4806,capturing,21
4807,paramedic,21
4808,absenteeism,21
4809,autumn,21
4810,commitment,21
4811,couture,21
4812,restore,21
4813,nasty,21
4814,74,21
4815,hype,21
4816,unmasked,21
4817,greenwich,21
4818,unfairly,21
4819,entitled,21
4820,blackclad,21
4821,spike,21
4822,icon,21
4823,tactical,21
4824,throat,21
4825,syrianturkish,21
4826,peta,21
4827,slaughtering,21
4828,cavill,21
4829,merry,21
4830,marvel,21
4831,changing,21
4832,jury,21
4833,evanmcmurry,21
4834,supervision,21
4835,taftanaz,21
4836,chilling,21
4837,deemed,21
4838,reliable,21
4839,ryan,21
4840,poured,21
4841,navel,21
4842,nope,21
4843,herberstein,21
4844,macquarie,21
4845,wale,21
4846,integument,21
4847,parasite,21
4848,bmw,21
4849,interrogation,21
4850,alqaidalinked,21
4851,coffin,21
4852,swim,21
4853,growth,21
4854,clarify,21
4855,zad,21
4856,sportex,21
4857,lined,21
4858,founding,21
4859,implication,21
4860,pray,21
4861,walton,21
4862,mark1,21
4863,traded,21
4864,sunlight,21
4865,encourage,21
4866,hala,21
4867,gorani,21
4868,nic,21
4869,robertson,21
4870,shake,21
4871,dress,21
4872,generally,21
4873,maghreb,21
4874,predator,21
4875,expecting,21
4876,imported,21
4877,mill,21
4878,rubin,21
4879,deployed,21
4880,managing,21
4881,thr,21
4882,presentation,21
4883,afterward,21
4884,excursion,21
4885,arresting,21
4886,999,21
4887,w,21
4888,ne,21
4889,sympathiser,21
4890,columbia,21
4891,employed,21
4892,niece,21
4893,draw,21
4894,incer,21
4895,ensued,21
4896,zobl,21
4897,fueled,21
4898,concerning,21
4899,baptist,21
4900,disappearing,21
4901,blown,21
4902,naming,21
4903,crowded,21
4904,answered,21
4905,rn,21
4906,gibson,21
4907,donkey,21
4908,theological,21
4909,reflect,21
4910,raided,21
4911,1200,21
4912,secretive,21
4913,overall,21
4914,sunnyvale,21
4915,noting,21
4916,alislam,21
4917,kate,21
4918,quran,21
4919,ebay,21
4920,omidyars,21
4921,translates,21
4922,legitimate,21
4923,lana,21
4924,aleisha,21
4925,orr,21
4926,antman,21
4927,advertiser,21
4928,capacity,21
4929,lancement,21
4930,raul,21
4931,relevance,21
4932,aluminium,21
4933,mediated,21
4934,sabaah,21
4935,misdemeanor,21
4936,frisco,21
4937,mm,21
4938,agreeing,20
4939,continent,20
4940,legislator,20
4941,inability,20
4942,illustration,20
4943,nevertheless,20
4944,michigan,20
4945,nickel,20
4946,kenny,20
4947,terminate,20
4948,violating,20
4949,acted,20
4950,grief,20
4951,musician,20
4952,marthas,20
4953,vineyard,20
4954,santiago,20
4955,addiction,20
4956,sd,20
4957,tweeting,20
4958,spirit,20
4959,confessed,20
4960,hardly,20
4961,toadstool,20
4962,lewis,20
4963,string,20
4964,athlete,20
4965,debut,20
4966,horse,20
4967,railing,20
4968,deserves,20
4969,skopje,20
4970,fivehour,20
4971,revealing,20
4972,url,20
4973,fanatic,20
4974,ting,20
4975,balance,20
4976,waterproof,20
4977,liked,20
4978,taxi,20
4979,19th,20
4980,neighbour,20
4981,intercepted,20
4982,erupted,20
4983,genocide,20
4984,accuracy,20
4985,drift,20
4986,outpost,20
4987,recaptured,20
4988,afriqiyah,20
4989,robbery,20
4990,hallway,20
4991,equipped,20
4992,portion,20
4993,parked,20
4994,advised,20
4995,plate,20
4996,wilful,20
4997,narendra,20
4998,joking,20
4999,roll,20
